,iter,n_resources,mean_fit_time,std_fit_time,mean_score_time,std_score_time,param_min_impurity_decrease,param_max_features,param_max_depth,params,split0_test_score,split1_test_score,split2_test_score,split3_test_score,split4_test_score,mean_test_score,std_test_score,rank_test_score,split0_train_score,split1_train_score,split2_train_score,split3_train_score,split4_train_score,mean_train_score,std_train_score
0,0,10,6.704198837280273,0.29715684288050986,0.39001784324645994,0.012063910101133361,0.22,0.24,20,"{'min_impurity_decrease': 0.22, 'max_features': 0.24, 'max_depth': 20}",0.38665934246908484,,,,,,,97,0.9325053893811664,0.869714280399397,0.869714280399397,0.9355944739328027,0.9479297306630206,0.9110916309551568,0.034176466265632706
1,0,10,6.466721391677856,0.05258935243051704,0.3892035484313965,0.005083742188587169,0.18,0.65,14,"{'min_impurity_decrease': 0.18, 'max_features': 0.65, 'max_depth': 14}",0.3655798870529613,,,,,,,123,0.9363578377584003,0.8618981966798501,0.8618981966798501,0.9419153311333648,0.9468835940105906,0.9097906312524111,0.03924556349124569
2,0,10,6.474680376052857,0.11624413239185491,0.38742637634277344,0.004766735034484037,0.25,0.55,10,"{'min_impurity_decrease': 0.25, 'max_features': 0.55, 'max_depth': 10}",0.3655798870529613,,,,,,,124,0.9363578377584003,0.8618981966798501,0.8618981966798501,0.9419153311333648,0.9468835940105906,0.9097906312524111,0.03924556349124569
3,0,10,6.43070011138916,0.04867509295310808,0.38917994499206543,0.00605614605787156,0.17,0.31,23,"{'min_impurity_decrease': 0.17, 'max_features': 0.31, 'max_depth': 23}",0.38665934246908484,,,,,,,125,0.9325053893811664,0.869714280399397,0.869714280399397,0.9355944739328027,0.9479297306630206,0.9110916309551568,0.034176466265632706
4,0,10,6.407373237609863,0.010165680993520072,0.47618799209594725,0.12318370395860413,0.2,0.56,6,"{'min_impurity_decrease': 0.2, 'max_features': 0.56, 'max_depth': 6}",0.3655798870529613,,,,,,,126,0.9363578377584003,0.8618981966798501,0.8618981966798501,0.9419153311333648,0.9468835940105906,0.9097906312524111,0.03924556349124569
5,0,10,6.438960266113281,0.12653058617631993,0.4118183135986328,0.04900338913145688,0.03,0.49,17,"{'min_impurity_decrease': 0.03, 'max_features': 0.49, 'max_depth': 17}",0.3667663474829953,,,,,,,127,0.9379443265417291,0.8649032794564937,0.8649032794564937,0.9346241266247445,0.9463220225346163,0.9097394069228155,0.03680655154372991
6,0,10,6.4141845703125,0.06142504563820176,0.3994746208190918,0.019075598037765703,0.23,0.26,7,"{'min_impurity_decrease': 0.23, 'max_features': 0.26, 'max_depth': 7}",0.38665934246908484,,,,,,,128,0.9325053893811664,0.869714280399397,0.869714280399397,0.9355944739328027,0.9479297306630206,0.9110916309551568,0.034176466265632706
7,0,10,6.513052940368652,0.11163983033136866,0.38899455070495603,0.0016585650692734356,0.01,sqrt,,"{'min_impurity_decrease': 0.01, 'max_features': 'sqrt', 'max_depth': None}",0.3667663474829953,,,,,,,129,0.9379443265417291,0.8649032794564937,0.8649032794564937,0.9346241266247445,0.9463220225346163,0.9097394069228155,0.03680655154372991
8,0,10,6.573470973968506,0.21658320465188535,0.4102231502532959,0.04573677299977291,0.09,0.27,8,"{'min_impurity_decrease': 0.09, 'max_features': 0.27, 'max_depth': 8}",0.38665934246908484,,,,,,,130,0.9325053893811664,0.869714280399397,0.869714280399397,0.9355944739328027,0.9479297306630206,0.9110916309551568,0.034176466265632706
9,0,10,7.023259449005127,0.4964485610795373,0.3932375907897949,0.011392392142241385,0.01,0.37,23,"{'min_impurity_decrease': 0.01, 'max_features': 0.37, 'max_depth': 23}",0.3667663474829953,,,,,,,131,0.9379443265417291,0.8649032794564937,0.8649032794564937,0.9346241266247445,0.9463220225346163,0.9097394069228155,0.03680655154372991
10,0,10,6.493131923675537,0.12760284607058212,0.4015183448791504,0.02791629646249749,0.18,auto,16,"{'min_impurity_decrease': 0.18, 'max_features': 'auto', 'max_depth': 16}",0.35403602482605123,,,,,,,133,0.9371146948749346,0.8573880136518868,0.8573880136518868,0.9584867230257738,0.9466467887422853,0.9114048467893534,0.04462136339365016
11,0,10,6.430462121963501,0.014052365751699991,0.41826643943786623,0.049183853972036715,0.24,0.36,22,"{'min_impurity_decrease': 0.24, 'max_features': 0.36, 'max_depth': 22}",0.3667663474829953,,,,,,,143,0.9379443265417291,0.8649032794564937,0.8649032794564937,0.9346241266247445,0.9463220225346163,0.9097394069228155,0.03680655154372991
12,0,10,6.491560697555542,0.09743989206760036,0.41337075233459475,0.050255003657507034,0.19,0.24,11,"{'min_impurity_decrease': 0.19, 'max_features': 0.24, 'max_depth': 11}",0.38665934246908484,,,,,,,134,0.9325053893811664,0.869714280399397,0.869714280399397,0.9355944739328027,0.9479297306630206,0.9110916309551568,0.034176466265632706
13,0,10,6.468132400512696,0.07401027659538637,0.39748382568359375,0.018675068370505053,0.18,0.63,6,"{'min_impurity_decrease': 0.18, 'max_features': 0.63, 'max_depth': 6}",0.3655798870529613,,,,,,,135,0.9363578377584003,0.8618981966798501,0.8618981966798501,0.9419153311333648,0.9468835940105906,0.9097906312524111,0.03924556349124569
14,0,10,6.472889614105225,0.06628984423018047,0.4125982284545898,0.048825652641655636,0.16,0.61,20,"{'min_impurity_decrease': 0.16, 'max_features': 0.61, 'max_depth': 20}",0.3655798870529613,,,,,,,136,0.9363578377584003,0.8618981966798501,0.8618981966798501,0.9419153311333648,0.9468835940105906,0.9097906312524111,0.03924556349124569
15,0,10,6.483296155929565,0.07411688410880378,0.3943036079406738,0.008044826295336443,0.25,0.51,24,"{'min_impurity_decrease': 0.25, 'max_features': 0.51, 'max_depth': 24}",0.3655798870529613,,,,,,,137,0.9363578377584003,0.8618981966798501,0.8618981966798501,0.9419153311333648,0.9468835940105906,0.9097906312524111,0.03924556349124569
16,0,10,6.533951616287231,0.07596061998321603,0.3910976886749268,0.0094090281471153,0.19,0.46,,"{'min_impurity_decrease': 0.19, 'max_features': 0.46, 'max_depth': None}",0.3667663474829953,,,,,,,138,0.9379443265417291,0.8649032794564937,0.8649032794564937,0.9346241266247445,0.9463220225346163,0.9097394069228155,0.03680655154372991
17,0,10,6.511870908737182,0.14235972407565695,0.3901804447174072,0.001989151450848216,0.13,0.27,17,"{'min_impurity_decrease': 0.13, 'max_features': 0.27, 'max_depth': 17}",0.38665934246908484,,,,,,,139,0.9325053893811664,0.869714280399397,0.869714280399397,0.9355944739328027,0.9479297306630206,0.9110916309551568,0.034176466265632706
18,0,10,6.498340511322022,0.1118933161447487,0.4125041961669922,0.050552133723455364,0.06,0.5,12,"{'min_impurity_decrease': 0.06, 'max_features': 0.5, 'max_depth': 12}",0.3655798870529613,,,,,,,140,0.9363578377584003,0.8618981966798501,0.8618981966798501,0.9419153311333648,0.9468835940105906,0.9097906312524111,0.03924556349124569
19,0,10,6.46638298034668,0.07715164662009726,0.4104318141937256,0.04618019742894069,0.17,0.64,8,"{'min_impurity_decrease': 0.17, 'max_features': 0.64, 'max_depth': 8}",0.3655798870529613,,,,,,,141,0.9363578377584003,0.8618981966798501,0.8618981966798501,0.9419153311333648,0.9468835940105906,0.9097906312524111,0.03924556349124569
20,0,10,6.5291070461273195,0.05756173638483185,0.39478139877319335,0.02163194257852014,0.18,sqrt,15,"{'min_impurity_decrease': 0.18, 'max_features': 'sqrt', 'max_depth': 15}",0.3667663474829953,,,,,,,142,0.9379443265417291,0.8649032794564937,0.8649032794564937,0.9346241266247445,0.9463220225346163,0.9097394069228155,0.03680655154372991
21,0,10,6.453401041030884,0.026555971578696613,0.41345534324645994,0.05163576272428156,0.22,0.31,9,"{'min_impurity_decrease': 0.22, 'max_features': 0.31, 'max_depth': 9}",0.38665934246908484,,,,,,,122,0.9325053893811664,0.869714280399397,0.869714280399397,0.9355944739328027,0.9479297306630206,0.9110916309551568,0.034176466265632706
22,0,10,6.486252069473267,0.07700791377033914,0.3867514610290527,0.007311213691588518,0.02,auto,6,"{'min_impurity_decrease': 0.02, 'max_features': 'auto', 'max_depth': 6}",0.35403602482605123,,,,,,,132,0.9371146948749346,0.8573880136518868,0.8573880136518868,0.9584867230257738,0.9466467887422853,0.9114048467893534,0.04462136339365016
23,0,10,6.505691146850586,0.13517289912312896,0.3947206974029541,0.006930754156607333,0.22,0.38,16,"{'min_impurity_decrease': 0.22, 'max_features': 0.38, 'max_depth': 16}",0.3667663474829953,,,,,,,121,0.9379443265417291,0.8649032794564937,0.8649032794564937,0.9346241266247445,0.9463220225346163,0.9097394069228155,0.03680655154372991
24,0,10,6.529128074645996,0.15198346515051267,0.3839090347290039,0.006208768991532685,0.07,0.27,22,"{'min_impurity_decrease': 0.07, 'max_features': 0.27, 'max_depth': 22}",0.38665934246908484,,,,,,,108,0.9325053893811664,0.869714280399397,0.869714280399397,0.9355944739328027,0.9479297306630206,0.9110916309551568,0.034176466265632706
25,0,10,6.555534505844117,0.20120698687831517,0.4383849143981934,0.06162868412959022,0.1,0.22,10,"{'min_impurity_decrease': 0.1, 'max_features': 0.22, 'max_depth': 10}",0.38665934246908484,,,,,,,99,0.9325053893811664,0.869714280399397,0.869714280399397,0.9355944739328027,0.9479297306630206,0.9110916309551568,0.034176466265632706
26,0,10,6.484793043136596,0.0750034255588788,0.3892508983612061,0.002801369949085816,0.25,0.65,18,"{'min_impurity_decrease': 0.25, 'max_features': 0.65, 'max_depth': 18}",0.3655798870529613,,,,,,,100,0.9363578377584003,0.8618981966798501,0.8618981966798501,0.9419153311333648,0.9468835940105906,0.9097906312524111,0.03924556349124569
27,0,10,6.5185168266296385,0.10887134049578784,0.38844985961914064,0.005477677101192085,0.25,0.28,16,"{'min_impurity_decrease': 0.25, 'max_features': 0.28, 'max_depth': 16}",0.38665934246908484,,,,,,,101,0.9325053893811664,0.869714280399397,0.869714280399397,0.9355944739328027,0.9479297306630206,0.9110916309551568,0.034176466265632706
28,0,10,6.4845246315002445,0.03127089052792231,0.428699254989624,0.053905575317613315,0.05,0.24,13,"{'min_impurity_decrease': 0.05, 'max_features': 0.24, 'max_depth': 13}",0.38665934246908484,,,,,,,102,0.9325053893811664,0.869714280399397,0.869714280399397,0.9355944739328027,0.9479297306630206,0.9110916309551568,0.034176466265632706
29,0,10,6.423469972610474,0.03439441736318907,0.38800888061523436,0.0055191091634875485,0.13,0.25,18,"{'min_impurity_decrease': 0.13, 'max_features': 0.25, 'max_depth': 18}",0.38665934246908484,,,,,,,103,0.9325053893811664,0.869714280399397,0.869714280399397,0.9355944739328027,0.9479297306630206,0.9110916309551568,0.034176466265632706
30,0,10,6.5181550025939945,0.08821515393723153,0.391038179397583,0.012560781180839701,0.17,0.34,24,"{'min_impurity_decrease': 0.17, 'max_features': 0.34, 'max_depth': 24}",0.3667663474829953,,,,,,,104,0.9379443265417291,0.8649032794564937,0.8649032794564937,0.9346241266247445,0.9463220225346163,0.9097394069228155,0.03680655154372991
31,0,10,6.474015808105468,0.02737243260997769,0.42282938957214355,0.05948359992629637,0.15,0.42,13,"{'min_impurity_decrease': 0.15, 'max_features': 0.42, 'max_depth': 13}",0.3667663474829953,,,,,,,105,0.9379443265417291,0.8649032794564937,0.8649032794564937,0.9346241266247445,0.9463220225346163,0.9097394069228155,0.03680655154372991
32,0,10,6.594916677474975,0.2201406893414062,0.41010231971740724,0.04943556558771253,0.16,0.44,19,"{'min_impurity_decrease': 0.16, 'max_features': 0.44, 'max_depth': 19}",0.3667663474829953,,,,,,,106,0.9379443265417291,0.8649032794564937,0.8649032794564937,0.9346241266247445,0.9463220225346163,0.9097394069228155,0.03680655154372991
33,0,10,6.895709133148193,0.37750077290459455,0.4087334632873535,0.02025291002686414,0.25,0.52,,"{'min_impurity_decrease': 0.25, 'max_features': 0.52, 'max_depth': None}",0.3655798870529613,,,,,,,107,0.9363578377584003,0.8618981966798501,0.8618981966798501,0.9419153311333648,0.9468835940105906,0.9097906312524111,0.03924556349124569
34,0,10,6.755592346191406,0.07617647795662986,0.40595049858093263,0.004951991062272719,0.17,0.61,19,"{'min_impurity_decrease': 0.17, 'max_features': 0.61, 'max_depth': 19}",0.3655798870529613,,,,,,,109,0.9363578377584003,0.8618981966798501,0.8618981966798501,0.9419153311333648,0.9468835940105906,0.9097906312524111,0.03924556349124569
35,0,10,6.772301959991455,0.17790903053724946,0.4225222110748291,0.05527882976441049,0.21,0.32,14,"{'min_impurity_decrease': 0.21, 'max_features': 0.32, 'max_depth': 14}",0.38665934246908484,,,,,,,119,0.9325053893811664,0.869714280399397,0.869714280399397,0.9355944739328027,0.9479297306630206,0.9110916309551568,0.034176466265632706
36,0,10,6.606228160858154,0.18700548087887908,0.38884243965148924,0.005840697700989459,0.16,0.61,14,"{'min_impurity_decrease': 0.16, 'max_features': 0.61, 'max_depth': 14}",0.3655798870529613,,,,,,,110,0.9363578377584003,0.8618981966798501,0.8618981966798501,0.9419153311333648,0.9468835940105906,0.9097906312524111,0.03924556349124569
37,0,10,6.419509983062744,0.06675357609243604,0.3896781921386719,0.004789479950244067,0.23,0.21,11,"{'min_impurity_decrease': 0.23, 'max_features': 0.21, 'max_depth': 11}",0.38665934246908484,,,,,,,111,0.9325053893811664,0.869714280399397,0.869714280399397,0.9355944739328027,0.9479297306630206,0.9110916309551568,0.034176466265632706
38,0,10,6.512894010543823,0.13362912393633647,0.4237526416778564,0.048841080419903385,0.04,0.3,24,"{'min_impurity_decrease': 0.04, 'max_features': 0.3, 'max_depth': 24}",0.38665934246908484,,,,,,,112,0.9325053893811664,0.869714280399397,0.869714280399397,0.9355944739328027,0.9479297306630206,0.9110916309551568,0.034176466265632706
39,0,10,7.085036897659302,0.4736426837424066,0.4248612403869629,0.052841431038190195,0.06,0.35,15,"{'min_impurity_decrease': 0.06, 'max_features': 0.35, 'max_depth': 15}",0.3667663474829953,,,,,,,113,0.9379443265417291,0.8649032794564937,0.8649032794564937,0.9346241266247445,0.9463220225346163,0.9097394069228155,0.03680655154372991
40,0,10,7.290652561187744,0.2949669011374531,0.41758437156677247,0.055355621730693486,0.24,0.49,11,"{'min_impurity_decrease': 0.24, 'max_features': 0.49, 'max_depth': 11}",0.3667663474829953,,,,,,,114,0.9379443265417291,0.8649032794564937,0.8649032794564937,0.9346241266247445,0.9463220225346163,0.9097394069228155,0.03680655154372991
41,0,10,7.076969194412231,0.4261913318296423,0.46328344345092776,0.11676771919653872,0.15,0.5,6,"{'min_impurity_decrease': 0.15, 'max_features': 0.5, 'max_depth': 6}",0.3655798870529613,,,,,,,115,0.9363578377584003,0.8618981966798501,0.8618981966798501,0.9419153311333648,0.9468835940105906,0.9097906312524111,0.03924556349124569
42,0,10,7.040245008468628,0.6017956039550025,0.47612199783325193,0.11956044409197981,0.24,0.36,11,"{'min_impurity_decrease': 0.24, 'max_features': 0.36, 'max_depth': 11}",0.3667663474829953,,,,,,,116,0.9379443265417291,0.8649032794564937,0.8649032794564937,0.9346241266247445,0.9463220225346163,0.9097394069228155,0.03680655154372991
43,0,10,7.050068807601929,0.5825539352506283,0.4183319568634033,0.04818813381444105,0.11,0.27,15,"{'min_impurity_decrease': 0.11, 'max_features': 0.27, 'max_depth': 15}",0.38665934246908484,,,,,,,117,0.9325053893811664,0.869714280399397,0.869714280399397,0.9355944739328027,0.9479297306630206,0.9110916309551568,0.034176466265632706
44,0,10,7.475473880767822,0.5628605170822806,0.43955698013305666,0.050530612076387364,0.11,0.21,22,"{'min_impurity_decrease': 0.11, 'max_features': 0.21, 'max_depth': 22}",0.38665934246908484,,,,,,,118,0.9325053893811664,0.869714280399397,0.869714280399397,0.9355944739328027,0.9479297306630206,0.9110916309551568,0.034176466265632706
45,0,10,10.453624534606934,4.448714032201068,0.4695770263671875,0.08486659189343206,0.11,0.42,17,"{'min_impurity_decrease': 0.11, 'max_features': 0.42, 'max_depth': 17}",0.3667663474829953,,,,,,,120,0.9379443265417291,0.8649032794564937,0.8649032794564937,0.9346241266247445,0.9463220225346163,0.9097394069228155,0.03680655154372991
46,0,10,7.83243842124939,0.6782111866749599,0.48707056045532227,0.1221842602415736,0.13,0.45,10,"{'min_impurity_decrease': 0.13, 'max_features': 0.45, 'max_depth': 10}",0.3667663474829953,,,,,,,145,0.9379443265417291,0.8649032794564937,0.8649032794564937,0.9346241266247445,0.9463220225346163,0.9097394069228155,0.03680655154372991
47,0,10,6.584056615829468,0.1549818739889004,0.39037885665893557,0.009090005758578537,0.21,0.31,24,"{'min_impurity_decrease': 0.21, 'max_features': 0.31, 'max_depth': 24}",0.38665934246908484,,,,,,,168,0.9325053893811664,0.869714280399397,0.869714280399397,0.9355944739328027,0.9479297306630206,0.9110916309551568,0.034176466265632706
48,0,10,6.569341373443604,0.15098651944726077,0.440856409072876,0.04936778164873757,0.02,0.55,19,"{'min_impurity_decrease': 0.02, 'max_features': 0.55, 'max_depth': 19}",0.3655798870529613,,,,,,,146,0.9363578377584003,0.8618981966798501,0.8618981966798501,0.9419153311333648,0.9468835940105906,0.9097906312524111,0.03924556349124569
49,0,10,6.4918046474456785,0.07021300732479971,0.38977646827697754,0.0053150993835558895,0.06,0.22,10,"{'min_impurity_decrease': 0.06, 'max_features': 0.22, 'max_depth': 10}",0.38665934246908484,,,,,,,171,0.9325053893811664,0.869714280399397,0.869714280399397,0.9355944739328027,0.9479297306630206,0.9110916309551568,0.034176466265632706
50,0,10,6.568636417388916,0.09801936947132547,0.4048450946807861,0.01869643817919041,0.24,0.21,7,"{'min_impurity_decrease': 0.24, 'max_features': 0.21, 'max_depth': 7}",0.38665934246908484,,,,,,,172,0.9325053893811664,0.869714280399397,0.869714280399397,0.9355944739328027,0.9479297306630206,0.9110916309551568,0.034176466265632706
51,0,10,6.550318574905395,0.11530157145598191,0.393693733215332,0.017126489084008295,0.03,0.31,14,"{'min_impurity_decrease': 0.03, 'max_features': 0.31, 'max_depth': 14}",0.38665934246908484,,,,,,,173,0.9325053893811664,0.869714280399397,0.869714280399397,0.9355944739328027,0.9479297306630206,0.9110916309551568,0.034176466265632706
52,0,10,6.47949743270874,0.03815038248230306,0.4158957004547119,0.048342923399013644,0.14,0.51,21,"{'min_impurity_decrease': 0.14, 'max_features': 0.51, 'max_depth': 21}",0.3655798870529613,,,,,,,174,0.9363578377584003,0.8618981966798501,0.8618981966798501,0.9419153311333648,0.9468835940105906,0.9097906312524111,0.03924556349124569
53,0,10,6.5686970233917235,0.15529269535946588,0.41954813003540037,0.046598868718814614,0.07,0.57,6,"{'min_impurity_decrease': 0.07, 'max_features': 0.57, 'max_depth': 6}",0.3655798870529613,,,,,,,175,0.9363578377584003,0.8618981966798501,0.8618981966798501,0.9419153311333648,0.9468835940105906,0.9097906312524111,0.03924556349124569
54,0,10,6.563754367828369,0.08686146975929097,0.39036989212036133,0.002349532693011111,0.01,0.45,11,"{'min_impurity_decrease': 0.01, 'max_features': 0.45, 'max_depth': 11}",0.3667663474829953,,,,,,,176,0.9379443265417291,0.8649032794564937,0.8649032794564937,0.9346241266247445,0.9463220225346163,0.9097394069228155,0.03680655154372991
55,0,10,6.700662136077881,0.18858817958476473,0.4134037017822266,0.05590193703920268,0.12,0.6,21,"{'min_impurity_decrease': 0.12, 'max_features': 0.6, 'max_depth': 21}",0.3655798870529613,,,,,,,177,0.9363578377584003,0.8618981966798501,0.8618981966798501,0.9419153311333648,0.9468835940105906,0.9097906312524111,0.03924556349124569
56,0,10,6.7424671173095705,0.287533884087183,0.39023404121398925,0.010375048353290348,0.24,0.24,24,"{'min_impurity_decrease': 0.24, 'max_features': 0.24, 'max_depth': 24}",0.38665934246908484,,,,,,,178,0.9325053893811664,0.869714280399397,0.869714280399397,0.9355944739328027,0.9479297306630206,0.9110916309551568,0.034176466265632706
57,0,10,6.745534896850586,0.30542580818670073,0.39070634841918944,0.009747735408603636,0.12,0.42,23,"{'min_impurity_decrease': 0.12, 'max_features': 0.42, 'max_depth': 23}",0.3667663474829953,,,,,,,179,0.9379443265417291,0.8649032794564937,0.8649032794564937,0.9346241266247445,0.9463220225346163,0.9097394069228155,0.03680655154372991
58,0,10,6.583777046203613,0.13583828817614593,0.3902129650115967,0.004640141037515489,0.24,0.64,23,"{'min_impurity_decrease': 0.24, 'max_features': 0.64, 'max_depth': 23}",0.3655798870529613,,,,,,,181,0.9363578377584003,0.8618981966798501,0.8618981966798501,0.9419153311333648,0.9468835940105906,0.9097906312524111,0.03924556349124569
59,0,10,6.591301441192627,0.14392116467567834,0.4455615520477295,0.07344173212797458,0.1,0.54,18,"{'min_impurity_decrease': 0.1, 'max_features': 0.54, 'max_depth': 18}",0.3655798870529613,,,,,,,191,0.9363578377584003,0.8618981966798501,0.8618981966798501,0.9419153311333648,0.9468835940105906,0.9097906312524111,0.03924556349124569
60,0,10,6.582200574874878,0.10436449331524303,0.3926332950592041,0.008929214396227361,0.1,0.39,12,"{'min_impurity_decrease': 0.1, 'max_features': 0.39, 'max_depth': 12}",0.3667663474829953,,,,,,,182,0.9379443265417291,0.8649032794564937,0.8649032794564937,0.9346241266247445,0.9463220225346163,0.9097394069228155,0.03680655154372991
61,0,10,6.571190023422242,0.08805166534349419,0.391469669342041,0.0021260360772213513,0.13,0.51,6,"{'min_impurity_decrease': 0.13, 'max_features': 0.51, 'max_depth': 6}",0.3655798870529613,,,,,,,183,0.9363578377584003,0.8618981966798501,0.8618981966798501,0.9419153311333648,0.9468835940105906,0.9097906312524111,0.03924556349124569
62,0,10,6.494438219070434,0.018358146668774895,0.4144603729248047,0.0527471104572385,0.01,0.61,12,"{'min_impurity_decrease': 0.01, 'max_features': 0.61, 'max_depth': 12}",0.3655798870529613,,,,,,,184,0.9363578377584003,0.8618981966798501,0.8618981966798501,0.9419153311333648,0.9468835940105906,0.9097906312524111,0.03924556349124569
63,0,10,6.831791400909424,0.5302134837350486,0.39687471389770507,0.010371903579681839,0.13,0.43,15,"{'min_impurity_decrease': 0.13, 'max_features': 0.43, 'max_depth': 15}",0.3667663474829953,,,,,,,185,0.9379443265417291,0.8649032794564937,0.8649032794564937,0.9346241266247445,0.9463220225346163,0.9097394069228155,0.03680655154372991
64,0,10,8.08599157333374,1.323265304244355,0.4810179233551025,0.08560068743147484,0.16,0.27,24,"{'min_impurity_decrease': 0.16, 'max_features': 0.27, 'max_depth': 24}",0.38665934246908484,,,,,,,186,0.9325053893811664,0.869714280399397,0.869714280399397,0.9355944739328027,0.9479297306630206,0.9110916309551568,0.034176466265632706
65,0,10,8.956751012802124,0.703237143160665,0.54670729637146,0.09157797286161164,0.16,0.46,12,"{'min_impurity_decrease': 0.16, 'max_features': 0.46, 'max_depth': 12}",0.3667663474829953,,,,,,,187,0.9379443265417291,0.8649032794564937,0.8649032794564937,0.9346241266247445,0.9463220225346163,0.9097394069228155,0.03680655154372991
66,0,10,8.469555807113647,0.9816145189630197,0.5329752445220948,0.029645544087370537,0.2,0.38,,"{'min_impurity_decrease': 0.2, 'max_features': 0.38, 'max_depth': None}",0.3667663474829953,,,,,,,188,0.9379443265417291,0.8649032794564937,0.8649032794564937,0.9346241266247445,0.9463220225346163,0.9097394069228155,0.03680655154372991
67,0,10,8.94993815422058,0.6558027741138754,0.564934253692627,0.06954202620615665,0.11,0.31,10,"{'min_impurity_decrease': 0.11, 'max_features': 0.31, 'max_depth': 10}",0.38665934246908484,,,,,,,189,0.9325053893811664,0.869714280399397,0.869714280399397,0.9355944739328027,0.9479297306630206,0.9110916309551568,0.034176466265632706
68,0,10,9.144607305526733,0.6081422181239834,0.5124011039733887,0.023096935484703263,0.07,0.55,24,"{'min_impurity_decrease': 0.07, 'max_features': 0.55, 'max_depth': 24}",0.3655798870529613,,,,,,,190,0.9363578377584003,0.8618981966798501,0.8618981966798501,0.9419153311333648,0.9468835940105906,0.9097906312524111,0.03924556349124569
69,0,10,9.105828619003296,0.72914165074913,0.5606439590454102,0.10209394668148732,0.15,0.29,7,"{'min_impurity_decrease': 0.15, 'max_features': 0.29, 'max_depth': 7}",0.38665934246908484,,,,,,,170,0.9325053893811664,0.869714280399397,0.869714280399397,0.9355944739328027,0.9479297306630206,0.9110916309551568,0.034176466265632706
70,0,10,8.109675979614257,1.1349504169976552,0.5532065868377686,0.19907285454438275,0.18,0.29,17,"{'min_impurity_decrease': 0.18, 'max_features': 0.29, 'max_depth': 17}",0.38665934246908484,,,,,,,180,0.9325053893811664,0.869714280399397,0.869714280399397,0.9355944739328027,0.9479297306630206,0.9110916309551568,0.034176466265632706
71,0,10,6.985680389404297,0.2977140269598279,0.3914180278778076,0.004773701993871387,0.21,0.27,17,"{'min_impurity_decrease': 0.21, 'max_features': 0.27, 'max_depth': 17}",0.38665934246908484,,,,,,,169,0.9325053893811664,0.869714280399397,0.869714280399397,0.9355944739328027,0.9479297306630206,0.9110916309551568,0.034176466265632706
72,0,10,6.554051685333252,0.07662975614667074,0.41538434028625487,0.05145485092077705,0.19,0.36,9,"{'min_impurity_decrease': 0.19, 'max_features': 0.36, 'max_depth': 9}",0.3667663474829953,,,,,,,156,0.9379443265417291,0.8649032794564937,0.8649032794564937,0.9346241266247445,0.9463220225346163,0.9097394069228155,0.03680655154372991
73,0,10,6.570205354690552,0.12733465466203645,0.4242910861968994,0.04756191208855234,0.16,0.47,16,"{'min_impurity_decrease': 0.16, 'max_features': 0.47, 'max_depth': 16}",0.3667663474829953,,,,,,,147,0.9379443265417291,0.8649032794564937,0.8649032794564937,0.9346241266247445,0.9463220225346163,0.9097394069228155,0.03680655154372991
74,0,10,6.5563802242279055,0.04894917026733226,0.3868083953857422,0.006835228854846841,0.08,sqrt,17,"{'min_impurity_decrease': 0.08, 'max_features': 'sqrt', 'max_depth': 17}",0.3667663474829953,,,,,,,148,0.9379443265417291,0.8649032794564937,0.8649032794564937,0.9346241266247445,0.9463220225346163,0.9097394069228155,0.03680655154372991
75,0,10,6.556898927688598,0.1340116743277532,0.38998613357543943,0.007296482678320276,0.11,0.41,24,"{'min_impurity_decrease': 0.11, 'max_features': 0.41, 'max_depth': 24}",0.3667663474829953,,,,,,,149,0.9379443265417291,0.8649032794564937,0.8649032794564937,0.9346241266247445,0.9463220225346163,0.9097394069228155,0.03680655154372991
76,0,10,6.610943746566773,0.2440247307511418,0.42654128074645997,0.06320801663596241,0.19,0.61,15,"{'min_impurity_decrease': 0.19, 'max_features': 0.61, 'max_depth': 15}",0.3655798870529613,,,,,,,150,0.9363578377584003,0.8618981966798501,0.8618981966798501,0.9419153311333648,0.9468835940105906,0.9097906312524111,0.03924556349124569
77,0,10,6.918438291549682,0.16019950329939678,0.4049978733062744,0.009631410388470653,0.15,0.25,18,"{'min_impurity_decrease': 0.15, 'max_features': 0.25, 'max_depth': 18}",0.38665934246908484,,,,,,,151,0.9325053893811664,0.869714280399397,0.869714280399397,0.9355944739328027,0.9479297306630206,0.9110916309551568,0.034176466265632706
78,0,10,6.683222341537475,0.03613979148630546,0.3979976177215576,0.006270756641129505,0.15,0.61,12,"{'min_impurity_decrease': 0.15, 'max_features': 0.61, 'max_depth': 12}",0.3655798870529613,,,,,,,152,0.9363578377584003,0.8618981966798501,0.8618981966798501,0.9419153311333648,0.9468835940105906,0.9097906312524111,0.03924556349124569
79,0,10,6.699100589752197,0.11097617192281584,0.43075852394104003,0.058089365120680414,0.1,0.51,6,"{'min_impurity_decrease': 0.1, 'max_features': 0.51, 'max_depth': 6}",0.3655798870529613,,,,,,,153,0.9363578377584003,0.8618981966798501,0.8618981966798501,0.9419153311333648,0.9468835940105906,0.9097906312524111,0.03924556349124569
80,0,10,6.759297895431518,0.17516297480105278,0.44486355781555176,0.0635852019848631,0.19,0.46,11,"{'min_impurity_decrease': 0.19, 'max_features': 0.46, 'max_depth': 11}",0.3667663474829953,,,,,,,154,0.9379443265417291,0.8649032794564937,0.8649032794564937,0.9346241266247445,0.9463220225346163,0.9097394069228155,0.03680655154372991
81,0,10,6.673097372055054,0.08734258802348716,0.4021404266357422,0.010365041639594605,0.25,0.33,6,"{'min_impurity_decrease': 0.25, 'max_features': 0.33, 'max_depth': 6}",0.38665934246908484,,,,,,,155,0.9325053893811664,0.869714280399397,0.869714280399397,0.9355944739328027,0.9479297306630206,0.9110916309551568,0.034176466265632706
82,0,10,6.730644798278808,0.10157145922929511,0.4250142574310303,0.0539510128035918,0.23,0.49,14,"{'min_impurity_decrease': 0.23, 'max_features': 0.49, 'max_depth': 14}",0.3667663474829953,,,,,,,157,0.9379443265417291,0.8649032794564937,0.8649032794564937,0.9346241266247445,0.9463220225346163,0.9097394069228155,0.03680655154372991
83,0,10,6.680520248413086,0.17492707453840917,0.3923901081085205,0.0062551567924840085,0.24,0.38,23,"{'min_impurity_decrease': 0.24, 'max_features': 0.38, 'max_depth': 23}",0.3667663474829953,,,,,,,167,0.9379443265417291,0.8649032794564937,0.8649032794564937,0.9346241266247445,0.9463220225346163,0.9097394069228155,0.03680655154372991
84,0,10,8.212003135681153,2.9009816218738345,0.46654634475708007,0.12003203156462797,0.2,0.53,6,"{'min_impurity_decrease': 0.2, 'max_features': 0.53, 'max_depth': 6}",0.3655798870529613,,,,,,,158,0.9363578377584003,0.8618981966798501,0.8618981966798501,0.9419153311333648,0.9468835940105906,0.9097906312524111,0.03924556349124569
85,0,10,12.528055572509766,2.4986231400182977,0.7359931468963623,0.4672483296408919,0.15,0.49,24,"{'min_impurity_decrease': 0.15, 'max_features': 0.49, 'max_depth': 24}",0.3667663474829953,,,,,,,159,0.9379443265417291,0.8649032794564937,0.8649032794564937,0.9346241266247445,0.9463220225346163,0.9097394069228155,0.03680655154372991
86,0,10,10.919372797012329,2.2252545998645723,0.7098798274993896,0.28941582157905754,0.19,0.64,9,"{'min_impurity_decrease': 0.19, 'max_features': 0.64, 'max_depth': 9}",0.3655798870529613,,,,,,,160,0.9363578377584003,0.8618981966798501,0.8618981966798501,0.9419153311333648,0.9468835940105906,0.9097906312524111,0.03924556349124569
87,0,10,6.536899089813232,0.028428882047346768,0.4138820648193359,0.0457942805768375,0.18,0.57,16,"{'min_impurity_decrease': 0.18, 'max_features': 0.57, 'max_depth': 16}",0.3655798870529613,,,,,,,161,0.9363578377584003,0.8618981966798501,0.8618981966798501,0.9419153311333648,0.9468835940105906,0.9097906312524111,0.03924556349124569
88,0,10,6.568164587020874,0.12372840515915214,0.4077176570892334,0.02309751617103476,0.08,0.65,9,"{'min_impurity_decrease': 0.08, 'max_features': 0.65, 'max_depth': 9}",0.3655798870529613,,,,,,,162,0.9363578377584003,0.8618981966798501,0.8618981966798501,0.9419153311333648,0.9468835940105906,0.9097906312524111,0.03924556349124569
89,0,10,9.052931356430054,2.882413482616414,0.46729001998901365,0.09894223131368174,0.07,0.34,23,"{'min_impurity_decrease': 0.07, 'max_features': 0.34, 'max_depth': 23}",0.3667663474829953,,,,,,,163,0.9379443265417291,0.8649032794564937,0.8649032794564937,0.9346241266247445,0.9463220225346163,0.9097394069228155,0.03680655154372991
90,0,10,6.505682563781738,0.08531703665349949,0.4096242904663086,0.05017717430199578,0.04,0.37,21,"{'min_impurity_decrease': 0.04, 'max_features': 0.37, 'max_depth': 21}",0.3667663474829953,,,,,,,164,0.9379443265417291,0.8649032794564937,0.8649032794564937,0.9346241266247445,0.9463220225346163,0.9097394069228155,0.03680655154372991
91,0,10,6.595555114746094,0.1829616682654782,0.41523022651672364,0.05113806564627107,0.16,0.52,24,"{'min_impurity_decrease': 0.16, 'max_features': 0.52, 'max_depth': 24}",0.3655798870529613,,,,,,,165,0.9363578377584003,0.8618981966798501,0.8618981966798501,0.9419153311333648,0.9468835940105906,0.9097906312524111,0.03924556349124569
92,0,10,6.5327574729919435,0.15317670190656243,0.3868239402770996,0.005881556900367355,0.08,0.37,14,"{'min_impurity_decrease': 0.08, 'max_features': 0.37, 'max_depth': 14}",0.3667663474829953,,,,,,,166,0.9379443265417291,0.8649032794564937,0.8649032794564937,0.9346241266247445,0.9463220225346163,0.9097394069228155,0.03680655154372991
93,0,10,6.451397371292114,0.04837051730763508,0.38256540298461916,0.005921999953536135,0.18,0.47,21,"{'min_impurity_decrease': 0.18, 'max_features': 0.47, 'max_depth': 21}",0.3667663474829953,,,,,,,98,0.9379443265417291,0.8649032794564937,0.8649032794564937,0.9346241266247445,0.9463220225346163,0.9097394069228155,0.03680655154372991
94,0,10,6.666293621063232,0.2501069971909189,0.3981572151184082,0.012609484898234024,0.03,0.37,14,"{'min_impurity_decrease': 0.03, 'max_features': 0.37, 'max_depth': 14}",0.3667663474829953,,,,,,,144,0.9379443265417291,0.8649032794564937,0.8649032794564937,0.9346241266247445,0.9463220225346163,0.9097394069228155,0.03680655154372991
95,0,10,6.5016467571258545,0.04887809956950445,0.39190306663513186,0.01835582369136433,0.1,0.27,,"{'min_impurity_decrease': 0.1, 'max_features': 0.27, 'max_depth': None}",0.38665934246908484,,,,,,,192,0.9325053893811664,0.869714280399397,0.869714280399397,0.9355944739328027,0.9479297306630206,0.9110916309551568,0.034176466265632706
96,0,10,9.941165256500245,4.572535826298536,0.5914140224456788,0.27393005242643725,0.2,0.51,10,"{'min_impurity_decrease': 0.2, 'max_features': 0.51, 'max_depth': 10}",0.3655798870529613,,,,,,,88,0.9363578377584003,0.8618981966798501,0.8618981966798501,0.9419153311333648,0.9468835940105906,0.9097906312524111,0.03924556349124569
97,0,10,8.65445671081543,1.8209090294348445,0.5304320335388184,0.07639695606280016,0.17,0.46,24,"{'min_impurity_decrease': 0.17, 'max_features': 0.46, 'max_depth': 24}",0.3667663474829953,,,,,,,67,0.9379443265417291,0.8649032794564937,0.8649032794564937,0.9346241266247445,0.9463220225346163,0.9097394069228155,0.03680655154372991
98,0,10,8.733412313461304,1.6598225799818234,0.5118643760681152,0.08931374359439662,0.23,0.52,22,"{'min_impurity_decrease': 0.23, 'max_features': 0.52, 'max_depth': 22}",0.3655798870529613,,,,,,,68,0.9363578377584003,0.8618981966798501,0.8618981966798501,0.9419153311333648,0.9468835940105906,0.9097906312524111,0.03924556349124569
99,0,10,8.474956750869751,1.6624996546039759,0.43915858268737795,0.07523058831069823,0.2,0.6,15,"{'min_impurity_decrease': 0.2, 'max_features': 0.6, 'max_depth': 15}",0.3655798870529613,,,,,,,69,0.9363578377584003,0.8618981966798501,0.8618981966798501,0.9419153311333648,0.9468835940105906,0.9097906312524111,0.03924556349124569
100,0,10,7.7705412864685055,0.9776566227847769,0.5105489253997803,0.21182806326761397,0.11,0.49,,"{'min_impurity_decrease': 0.11, 'max_features': 0.49, 'max_depth': None}",0.3667663474829953,,,,,,,70,0.9379443265417291,0.8649032794564937,0.8649032794564937,0.9346241266247445,0.9463220225346163,0.9097394069228155,0.03680655154372991
101,0,10,8.641466188430787,1.0122886636167112,0.4421378135681152,0.06779852457302936,0.22,0.38,22,"{'min_impurity_decrease': 0.22, 'max_features': 0.38, 'max_depth': 22}",0.3667663474829953,,,,,,,71,0.9379443265417291,0.8649032794564937,0.8649032794564937,0.9346241266247445,0.9463220225346163,0.9097394069228155,0.03680655154372991
102,0,10,7.267087411880493,1.103919235560964,0.4102207660675049,0.0284888554108166,0.24,0.58,6,"{'min_impurity_decrease': 0.24, 'max_features': 0.58, 'max_depth': 6}",0.3655798870529613,,,,,,,72,0.9363578377584003,0.8618981966798501,0.8618981966798501,0.9419153311333648,0.9468835940105906,0.9097906312524111,0.03924556349124569
103,0,10,9.256391048431396,1.9284543351171517,0.5454585075378418,0.11314042659325842,0.21,0.34,18,"{'min_impurity_decrease': 0.21, 'max_features': 0.34, 'max_depth': 18}",0.3667663474829953,,,,,,,73,0.9379443265417291,0.8649032794564937,0.8649032794564937,0.9346241266247445,0.9463220225346163,0.9097394069228155,0.03680655154372991
104,0,10,9.349786853790283,1.132268835533441,0.4784419536590576,0.041946301214515834,0.2,0.24,23,"{'min_impurity_decrease': 0.2, 'max_features': 0.24, 'max_depth': 23}",0.38665934246908484,,,,,,,74,0.9325053893811664,0.869714280399397,0.869714280399397,0.9355944739328027,0.9479297306630206,0.9110916309551568,0.034176466265632706
105,0,10,11.268903160095215,1.2834918489416425,0.4905561923980713,0.0672451624237853,0.06,sqrt,6,"{'min_impurity_decrease': 0.06, 'max_features': 'sqrt', 'max_depth': 6}",0.3667663474829953,,,,,,,75,0.9379443265417291,0.8649032794564937,0.8649032794564937,0.9346241266247445,0.9463220225346163,0.9097394069228155,0.03680655154372991
106,0,10,9.117948055267334,0.9273841808555252,0.502260160446167,0.080930250319395,0.2,0.46,22,"{'min_impurity_decrease': 0.2, 'max_features': 0.46, 'max_depth': 22}",0.3667663474829953,,,,,,,76,0.9379443265417291,0.8649032794564937,0.8649032794564937,0.9346241266247445,0.9463220225346163,0.9097394069228155,0.03680655154372991
107,0,10,7.723159551620483,1.2318636722748006,0.4658186912536621,0.1064221292919566,0.24,0.49,16,"{'min_impurity_decrease': 0.24, 'max_features': 0.49, 'max_depth': 16}",0.3667663474829953,,,,,,,77,0.9379443265417291,0.8649032794564937,0.8649032794564937,0.9346241266247445,0.9463220225346163,0.9097394069228155,0.03680655154372991
108,0,10,6.584514236450195,0.1108488193909486,0.3863269329071045,0.006771407114135332,0.13,0.31,15,"{'min_impurity_decrease': 0.13, 'max_features': 0.31, 'max_depth': 15}",0.38665934246908484,,,,,,,78,0.9325053893811664,0.869714280399397,0.869714280399397,0.9355944739328027,0.9479297306630206,0.9110916309551568,0.034176466265632706
109,0,10,9.200843334197998,1.8484099317833447,0.5966403007507324,0.3182901020302646,0.08,0.42,19,"{'min_impurity_decrease': 0.08, 'max_features': 0.42, 'max_depth': 19}",0.3667663474829953,,,,,,,79,0.9379443265417291,0.8649032794564937,0.8649032794564937,0.9346241266247445,0.9463220225346163,0.9097394069228155,0.03680655154372991
110,0,10,7.076351356506348,0.35011049314454784,0.4813804626464844,0.15353485658441188,0.09,0.34,13,"{'min_impurity_decrease': 0.09, 'max_features': 0.34, 'max_depth': 13}",0.3667663474829953,,,,,,,81,0.9379443265417291,0.8649032794564937,0.8649032794564937,0.9346241266247445,0.9463220225346163,0.9097394069228155,0.03680655154372991
111,0,10,7.742938613891601,0.9165257299376575,0.5164897918701172,0.06716661713854737,0.17,0.58,16,"{'min_impurity_decrease': 0.17, 'max_features': 0.58, 'max_depth': 16}",0.3655798870529613,,,,,,,95,0.9363578377584003,0.8618981966798501,0.8618981966798501,0.9419153311333648,0.9468835940105906,0.9097906312524111,0.03924556349124569
112,0,10,8.618305778503418,1.0321699445659183,0.4343316078186035,0.0495494016967729,0.09,0.34,8,"{'min_impurity_decrease': 0.09, 'max_features': 0.34, 'max_depth': 8}",0.3667663474829953,,,,,,,82,0.9379443265417291,0.8649032794564937,0.8649032794564937,0.9346241266247445,0.9463220225346163,0.9097394069228155,0.03680655154372991
113,0,10,8.344093418121338,1.455902315119059,0.5047826766967773,0.1125658920951754,0.25,0.24,23,"{'min_impurity_decrease': 0.25, 'max_features': 0.24, 'max_depth': 23}",0.38665934246908484,,,,,,,83,0.9325053893811664,0.869714280399397,0.869714280399397,0.9355944739328027,0.9479297306630206,0.9110916309551568,0.034176466265632706
114,0,10,7.511351251602173,0.6821410276344501,0.4321767330169678,0.06371447870901226,0.03,0.37,15,"{'min_impurity_decrease': 0.03, 'max_features': 0.37, 'max_depth': 15}",0.3667663474829953,,,,,,,84,0.9379443265417291,0.8649032794564937,0.8649032794564937,0.9346241266247445,0.9463220225346163,0.9097394069228155,0.03680655154372991
115,0,10,15.035480070114136,3.6000355258925794,0.6915818214416504,0.24218098687673256,0.23,0.45,6,"{'min_impurity_decrease': 0.23, 'max_features': 0.45, 'max_depth': 6}",0.3667663474829953,,,,,,,85,0.9379443265417291,0.8649032794564937,0.8649032794564937,0.9346241266247445,0.9463220225346163,0.9097394069228155,0.03680655154372991
116,0,10,20.349159049987794,10.079313800759834,1.5223998069763183,0.8625005766729502,0.19,0.27,9,"{'min_impurity_decrease': 0.19, 'max_features': 0.27, 'max_depth': 9}",0.38665934246908484,,,,,,,86,0.9325053893811664,0.869714280399397,0.869714280399397,0.9355944739328027,0.9479297306630206,0.9110916309551568,0.034176466265632706
117,0,10,13.292362451553345,2.3060033163968177,0.7846215248107911,0.2396707636698224,0.23,0.24,11,"{'min_impurity_decrease': 0.23, 'max_features': 0.24, 'max_depth': 11}",0.38665934246908484,,,,,,,87,0.9325053893811664,0.869714280399397,0.869714280399397,0.9355944739328027,0.9479297306630206,0.9110916309551568,0.034176466265632706
118,0,10,12.018863534927368,2.677909775625011,0.768613624572754,0.3900156055640094,0.07,0.59,19,"{'min_impurity_decrease': 0.07, 'max_features': 0.59, 'max_depth': 19}",0.3655798870529613,,,,,,,96,0.9363578377584003,0.8618981966798501,0.8618981966798501,0.9419153311333648,0.9468835940105906,0.9097906312524111,0.03924556349124569
119,0,10,7.464030742645264,0.5529170215939707,0.44341187477111815,0.047360972412994404,0.08,0.41,21,"{'min_impurity_decrease': 0.08, 'max_features': 0.41, 'max_depth': 21}",0.3667663474829953,,,,,,,89,0.9379443265417291,0.8649032794564937,0.8649032794564937,0.9346241266247445,0.9463220225346163,0.9097394069228155,0.03680655154372991
120,0,10,9.274098968505859,2.272497857803202,0.5557258605957032,0.2045483567147008,0.12,0.37,22,"{'min_impurity_decrease': 0.12, 'max_features': 0.37, 'max_depth': 22}",0.3667663474829953,,,,,,,90,0.9379443265417291,0.8649032794564937,0.8649032794564937,0.9346241266247445,0.9463220225346163,0.9097394069228155,0.03680655154372991
121,0,10,7.567491483688355,0.12344783442149028,0.6575156688690186,0.37601594904730057,0.11,0.43,20,"{'min_impurity_decrease': 0.11, 'max_features': 0.43, 'max_depth': 20}",0.3667663474829953,,,,,,,91,0.9379443265417291,0.8649032794564937,0.8649032794564937,0.9346241266247445,0.9463220225346163,0.9097394069228155,0.03680655154372991
122,0,10,7.190831470489502,0.9218160504066781,0.3953871250152588,0.007978253854006459,0.2,0.26,6,"{'min_impurity_decrease': 0.2, 'max_features': 0.26, 'max_depth': 6}",0.38665934246908484,,,,,,,92,0.9325053893811664,0.869714280399397,0.869714280399397,0.9355944739328027,0.9479297306630206,0.9110916309551568,0.034176466265632706
123,0,10,7.52059235572815,0.2908459113606319,0.472014856338501,0.09475130713716291,0.1,0.24,23,"{'min_impurity_decrease': 0.1, 'max_features': 0.24, 'max_depth': 23}",0.38665934246908484,,,,,,,93,0.9325053893811664,0.869714280399397,0.869714280399397,0.9355944739328027,0.9479297306630206,0.9110916309551568,0.034176466265632706
124,0,10,7.250861644744873,0.6143034696899399,0.48149890899658204,0.10144644698730604,0.06,0.65,7,"{'min_impurity_decrease': 0.06, 'max_features': 0.65, 'max_depth': 7}",0.3655798870529613,,,,,,,94,0.9363578377584003,0.8618981966798501,0.8618981966798501,0.9419153311333648,0.9468835940105906,0.9097906312524111,0.03924556349124569
125,0,10,10.898468208312988,4.528796079616466,0.6392713069915772,0.15176242474840312,0.14,0.61,7,"{'min_impurity_decrease': 0.14, 'max_features': 0.61, 'max_depth': 7}",0.3655798870529613,,,,,,,66,0.9363578377584003,0.8618981966798501,0.8618981966798501,0.9419153311333648,0.9468835940105906,0.9097906312524111,0.03924556349124569
126,0,10,11.658452892303467,4.00848827121813,0.6050125122070312,0.17299338467230116,0.11,0.32,20,"{'min_impurity_decrease': 0.11, 'max_features': 0.32, 'max_depth': 20}",0.38665934246908484,,,,,,,80,0.9325053893811664,0.869714280399397,0.869714280399397,0.9355944739328027,0.9479297306630206,0.9110916309551568,0.034176466265632706
127,1,30,9.192137718200684,1.1043094616836562,0.6080304145812988,0.14398890565936495,0.01,0.37,23,"{'min_impurity_decrease': 0.01, 'max_features': 0.37, 'max_depth': 23}",0.6892707690094069,0.9449935356842397,0.9674067807613427,0.6525537178542828,0.6452817657370362,0.7799013138092616,0.14489131818707163,15,0.9480917554838217,0.9287339930980287,0.9032352898596671,0.9575509799781362,0.9175738847361787,0.9310371806311665,0.01976537487049195
128,1,30,10.967005681991576,2.4376684438096268,0.6489595890045166,0.2968877695861142,0.09,0.27,8,"{'min_impurity_decrease': 0.09, 'max_features': 0.27, 'max_depth': 8}",0.6582610774659401,0.9545681839755097,0.9405559479512745,0.8378373225767218,0.5125193323110737,0.780748372856104,0.17085718697162988,12,0.9469378982295649,0.9251464104746516,0.9046965909175064,0.9561936576647473,0.9189255709894006,0.9303800256551742,0.01875495039282969
129,1,30,8.166575002670289,0.585867035576318,0.5289994716644287,0.12251381077777096,0.01,sqrt,,"{'min_impurity_decrease': 0.01, 'max_features': 'sqrt', 'max_depth': None}",0.6892707690094069,0.9449935356842397,0.9674067807613427,0.6525537178542828,0.6452817657370362,0.7799013138092616,0.14489131818707163,15,0.9480917554838217,0.9287339930980287,0.9032352898596671,0.9575509799781362,0.9175738847361787,0.9310371806311665,0.01976537487049195
130,1,30,9.426886892318725,3.860363369267628,0.4450312614440918,0.045716244876571666,0.23,0.26,7,"{'min_impurity_decrease': 0.23, 'max_features': 0.26, 'max_depth': 7}",0.6571031855528705,0.9533353939448297,0.9406155339474559,0.8379135638893728,0.5119639325889026,0.7801863219846863,0.17096390044489085,13,0.9467624267861319,0.9247385938802677,0.9045827850456137,0.9560268186877028,0.9188810051328308,0.9301983259065094,0.018737805817050146
131,1,30,10.153133153915405,2.678173316463595,0.5246749877929687,0.09067483837557215,0.03,0.49,17,"{'min_impurity_decrease': 0.03, 'max_features': 0.49, 'max_depth': 17}",0.6892707690094069,0.9449935356842397,0.9674067807613427,0.6525537178542828,0.6452817657370362,0.7799013138092616,0.14489131818707163,15,0.9480917554838217,0.9287339930980287,0.9032352898596671,0.9575509799781362,0.9175738847361787,0.9310371806311665,0.01976537487049195
132,1,30,10.422806692123412,4.1696228558286625,0.561240816116333,0.25313197020338285,0.2,0.56,6,"{'min_impurity_decrease': 0.2, 'max_features': 0.56, 'max_depth': 6}",0.664798718758865,0.9438627155814054,0.9703565883084544,0.5417179635430114,0.7418058779426506,0.7725083728268775,0.16389902558530486,29,0.948405498839699,0.9297635091513924,0.8976363633447644,0.9570854445243969,0.9148785998226134,0.9295538831365733,0.021667977478950037
133,1,30,9.565091991424561,1.9369260817338099,0.5425162792205811,0.11867882615701834,0.17,0.31,23,"{'min_impurity_decrease': 0.17, 'max_features': 0.31, 'max_depth': 23}",0.658871311983326,0.9550168799393106,0.9421093482980728,0.8423697410601715,0.5121810352158889,0.782109663299354,0.17156761770900725,1,0.9467836047390705,0.9249967869326061,0.9048345451187806,0.9561725150820074,0.9189379112895739,0.9303450726324076,0.018691156332131188
134,1,30,11.310733795166016,2.476479301240764,0.5434937477111816,0.08834169647922625,0.25,0.55,10,"{'min_impurity_decrease': 0.25, 'max_features': 0.55, 'max_depth': 10}",0.6664190275018661,0.9445419300884188,0.9713527361523043,0.5439229058084644,0.735243958938506,0.7722961116979119,0.16372495340807364,32,0.9479470666216776,0.9305100429999141,0.8978355384398126,0.9566244161265928,0.915035249635243,0.9295904627646481,0.02139567533623204
135,1,30,8.623822927474976,1.3764196497140226,0.634212875366211,0.3646695173990045,0.18,0.65,14,"{'min_impurity_decrease': 0.18, 'max_features': 0.65, 'max_depth': 14}",0.6664190275018661,0.9445422946803529,0.9713207676852381,0.5439229058084644,0.735243958938506,0.7722897909228855,0.16371725699712908,33,0.9479686694587606,0.9305111207830983,0.8977846847472866,0.9566244161265928,0.915035261083727,0.929584830439893,0.021414490325482007
136,1,30,7.272101926803589,0.446193323611021,0.4072742938995361,0.027014783750107373,0.16,0.61,20,"{'min_impurity_decrease': 0.16, 'max_features': 0.61, 'max_depth': 20}",0.6664190275018661,0.9445422946803529,0.9713207676852381,0.5439229058084644,0.735243958938506,0.7722897909228855,0.16371725699712908,33,0.9479686694587606,0.9305111207830983,0.8977846847472866,0.9566244161265928,0.915035261083727,0.929584830439893,0.021414490325482007
137,1,30,7.547449064254761,0.6861842641506241,0.43169436454772947,0.05432462224506017,0.01,0.61,12,"{'min_impurity_decrease': 0.01, 'max_features': 0.61, 'max_depth': 12}",0.6664190275018661,0.9445422946803529,0.9713207676852381,0.5439229058084644,0.735243958938506,0.7722897909228855,0.16371725699712908,33,0.9479686694587606,0.9305111207830983,0.8977846847472866,0.9566244161265928,0.915035261083727,0.929584830439893,0.021414490325482007
138,1,30,6.994979572296143,0.28010149151571173,0.38996295928955077,0.010099977054844046,0.17,0.34,24,"{'min_impurity_decrease': 0.17, 'max_features': 0.34, 'max_depth': 24}",0.6892707690094069,0.9449935356842397,0.9674067807613427,0.6525537178542828,0.6452817657370362,0.7799013138092616,0.14489131818707163,15,0.9480917554838217,0.9287339930980287,0.9032352898596671,0.9575509799781362,0.9175738847361787,0.9310371806311665,0.01976537487049195
139,1,30,10.842941379547119,2.828642442529497,0.5793569564819336,0.2809112966440223,0.16,0.44,19,"{'min_impurity_decrease': 0.16, 'max_features': 0.44, 'max_depth': 19}",0.6892707690094069,0.9449935356842397,0.9674067807613427,0.6525537178542828,0.6452817657370362,0.7799013138092616,0.14489131818707163,15,0.9480917554838217,0.9287339930980287,0.9032352898596671,0.9575509799781362,0.9175738847361787,0.9310371806311665,0.01976537487049195
140,1,30,6.73876953125,0.16805239293414917,0.4043309211730957,0.047774199121073974,0.1,0.39,12,"{'min_impurity_decrease': 0.1, 'max_features': 0.39, 'max_depth': 12}",0.6892707690094069,0.9449935356842397,0.9674067807613427,0.6525537178542828,0.6452817657370362,0.7799013138092616,0.14489131818707163,15,0.9480917554838217,0.9287339930980287,0.9032352898596671,0.9575509799781362,0.9175738847361787,0.9310371806311665,0.01976537487049195
141,1,30,6.7193958282470705,0.3204531887146616,0.43647117614746095,0.043754469563906544,0.1,0.54,18,"{'min_impurity_decrease': 0.1, 'max_features': 0.54, 'max_depth': 18}",0.6664190275018661,0.9445422946803529,0.9713207676852381,0.5439229058084644,0.735243958938506,0.7722897909228855,0.16371725699712908,33,0.9479686694587606,0.9305111207830983,0.8977846847472866,0.9566244161265928,0.915035261083727,0.929584830439893,0.021414490325482007
142,1,30,6.648755216598511,0.06199181273413941,0.39585371017456056,0.021022685343901722,0.24,0.64,23,"{'min_impurity_decrease': 0.24, 'max_features': 0.64, 'max_depth': 23}",0.6664190275018661,0.9445422946803529,0.9713207676852381,0.5439229058084644,0.735243958938506,0.7722897909228855,0.16371725699712908,33,0.9479686694587606,0.9305111207830983,0.8977846847472866,0.9566244161265928,0.915035261083727,0.929584830439893,0.021414490325482007
143,1,30,6.546125984191894,0.05566161637501662,0.3832583427429199,0.004117086823830838,0.12,0.42,23,"{'min_impurity_decrease': 0.12, 'max_features': 0.42, 'max_depth': 23}",0.6892707690094069,0.9449935356842397,0.9674067807613427,0.6525537178542828,0.6452817657370362,0.7799013138092616,0.14489131818707163,15,0.9480917554838217,0.9287339930980287,0.9032352898596671,0.9575509799781362,0.9175738847361787,0.9310371806311665,0.01976537487049195
144,1,30,6.599201583862305,0.1382772907245869,0.4153759479522705,0.05740334628220305,0.24,0.24,24,"{'min_impurity_decrease': 0.24, 'max_features': 0.24, 'max_depth': 24}",0.658871311983326,0.9550168799393106,0.9421093482980728,0.8423697410601715,0.5121810352158889,0.782109663299354,0.17156761770900725,1,0.9467836047390705,0.9249967869326061,0.9048345451187806,0.9561725150820074,0.9189379112895739,0.9303450726324076,0.018691156332131188
145,1,30,6.620889616012573,0.08235127415596963,0.3867933750152588,0.0040427917234562545,0.12,0.6,21,"{'min_impurity_decrease': 0.12, 'max_features': 0.6, 'max_depth': 21}",0.6664190275018661,0.9445422946803529,0.9713207676852381,0.5439229058084644,0.735243958938506,0.7722897909228855,0.16371725699712908,33,0.9479686694587606,0.9305111207830983,0.8977846847472866,0.9566244161265928,0.915035261083727,0.929584830439893,0.021414490325482007
146,1,30,6.782086610794067,0.23286303552474885,0.39667282104492185,0.020749845776096808,0.01,0.45,11,"{'min_impurity_decrease': 0.01, 'max_features': 0.45, 'max_depth': 11}",0.6892707690094069,0.9449935356842397,0.9674067807613427,0.6525537178542828,0.6452817657370362,0.7799013138092616,0.14489131818707163,15,0.9480917554838217,0.9287339930980287,0.9032352898596671,0.9575509799781362,0.9175738847361787,0.9310371806311665,0.01976537487049195
147,1,30,6.715382242202759,0.2341586376422787,0.43131656646728517,0.08392183868834803,0.07,0.57,6,"{'min_impurity_decrease': 0.07, 'max_features': 0.57, 'max_depth': 6}",0.664798718758865,0.9438627155814054,0.9703565883084544,0.5417179635430114,0.7418058779426506,0.7725083728268775,0.16389902558530486,29,0.948405498839699,0.9297635091513924,0.8976363633447644,0.9570854445243969,0.9148785998226134,0.9295538831365733,0.021667977478950037
148,1,30,6.5858134746551515,0.07290463444285164,0.4076841354370117,0.05001829415591321,0.14,0.51,21,"{'min_impurity_decrease': 0.14, 'max_features': 0.51, 'max_depth': 21}",0.6664190275018661,0.9445422946803529,0.9713207676852381,0.5439229058084644,0.735243958938506,0.7722897909228855,0.16371725699712908,33,0.9479686694587606,0.9305111207830983,0.8977846847472866,0.9566244161265928,0.915035261083727,0.929584830439893,0.021414490325482007
149,1,30,6.6240170955657955,0.17885053373972679,0.3856180191040039,0.004600086543662797,0.03,0.31,14,"{'min_impurity_decrease': 0.03, 'max_features': 0.31, 'max_depth': 14}",0.658871311983326,0.9550168799393106,0.9421093482980728,0.8423697410601715,0.5121810352158889,0.782109663299354,0.17156761770900725,1,0.9467836047390705,0.9249967869326061,0.9048345451187806,0.9561725150820074,0.9189379112895739,0.9303450726324076,0.018691156332131188
150,1,30,6.5663927555084225,0.08824817507882064,0.4109921455383301,0.05155206170601968,0.24,0.21,7,"{'min_impurity_decrease': 0.24, 'max_features': 0.21, 'max_depth': 7}",0.6571031855528705,0.9533353939448297,0.9406155339474559,0.8379135638893728,0.5119639325889026,0.7801863219846863,0.17096390044489085,13,0.9467624267861319,0.9247385938802677,0.9045827850456137,0.9560268186877028,0.9188810051328308,0.9301983259065094,0.018737805817050146
151,1,30,6.561245727539062,0.09886970493216173,0.3918039798736572,0.008000798345726923,0.06,0.22,10,"{'min_impurity_decrease': 0.06, 'max_features': 0.22, 'max_depth': 10}",0.6588188917216126,0.9550187655929732,0.9421093482980728,0.8423697410601715,0.5121797101113799,0.782099291356842,0.17157594660897257,11,0.9467824694877526,0.924996356726767,0.9048345451187806,0.9561725150820074,0.9189373318981693,0.9303446436626954,0.01869105199002877
152,1,30,6.6329409122467045,0.1205414935317819,0.38860530853271485,0.010714131457763364,0.02,0.55,19,"{'min_impurity_decrease': 0.02, 'max_features': 0.55, 'max_depth': 19}",0.6664190275018661,0.9445422946803529,0.9713207676852381,0.5439229058084644,0.735243958938506,0.7722897909228855,0.16371725699712908,33,0.9479686694587606,0.9305111207830983,0.8977846847472866,0.9566244161265928,0.915035261083727,0.929584830439893,0.021414490325482007
153,1,30,6.5441474437713625,0.021401170785762768,0.39083132743835447,0.010634091789434901,0.15,0.42,13,"{'min_impurity_decrease': 0.15, 'max_features': 0.42, 'max_depth': 13}",0.6892707690094069,0.9449935356842397,0.9674067807613427,0.6525537178542828,0.6452817657370362,0.7799013138092616,0.14489131818707163,15,0.9480917554838217,0.9287339930980287,0.9032352898596671,0.9575509799781362,0.9175738847361787,0.9310371806311665,0.01976537487049195
154,1,30,6.6595710754394535,0.20833594730128607,0.41371355056762693,0.046434454690575194,0.21,0.31,24,"{'min_impurity_decrease': 0.21, 'max_features': 0.31, 'max_depth': 24}",0.658871311983326,0.9550168799393106,0.9421093482980728,0.8423697410601715,0.5121810352158889,0.782109663299354,0.17156761770900725,1,0.9467836047390705,0.9249967869326061,0.9048345451187806,0.9561725150820074,0.9189379112895739,0.9303450726324076,0.018691156332131188
155,1,30,7.063706636428833,0.3181740634106889,0.4867420673370361,0.202860076703314,0.11,0.42,17,"{'min_impurity_decrease': 0.11, 'max_features': 0.42, 'max_depth': 17}",0.6892707690094069,0.9449935356842397,0.9674067807613427,0.6525537178542828,0.6452817657370362,0.7799013138092616,0.14489131818707163,15,0.9480917554838217,0.9287339930980287,0.9032352898596671,0.9575509799781362,0.9175738847361787,0.9310371806311665,0.01976537487049195
156,1,30,6.579423332214356,0.040990676588161495,0.3853312015533447,0.0036807600220762978,0.11,0.21,22,"{'min_impurity_decrease': 0.11, 'max_features': 0.21, 'max_depth': 22}",0.658871311983326,0.9550168799393106,0.9421093482980728,0.8423697410601715,0.5121810352158889,0.782109663299354,0.17156761770900725,1,0.9467836047390705,0.9249967869326061,0.9048345451187806,0.9561725150820074,0.9189379112895739,0.9303450726324076,0.018691156332131188
157,1,30,6.66396861076355,0.12077230095262184,0.4315216541290283,0.04751139676532049,0.11,0.27,15,"{'min_impurity_decrease': 0.11, 'max_features': 0.27, 'max_depth': 15}",0.658871311983326,0.9550168799393106,0.9421093482980728,0.8423697410601715,0.5121810352158889,0.782109663299354,0.17156761770900725,1,0.9467836047390705,0.9249967869326061,0.9048345451187806,0.9561725150820074,0.9189379112895739,0.9303450726324076,0.018691156332131188
158,1,30,6.673473882675171,0.13336793701488878,0.3916659355163574,0.005057925109926895,0.24,0.36,11,"{'min_impurity_decrease': 0.24, 'max_features': 0.36, 'max_depth': 11}",0.6892707690094069,0.9449935356842397,0.9674067807613427,0.6525537178542828,0.6452817657370362,0.7799013138092616,0.14489131818707163,15,0.9480917554838217,0.9287339930980287,0.9032352898596671,0.9575509799781362,0.9175738847361787,0.9310371806311665,0.01976537487049195
159,1,30,6.6008275032043455,0.05869785688553719,0.3880435943603516,0.010112258907994632,0.15,0.5,6,"{'min_impurity_decrease': 0.15, 'max_features': 0.5, 'max_depth': 6}",0.664798718758865,0.9438627155814054,0.9703565883084544,0.5417179635430114,0.7418058779426506,0.7725083728268775,0.16389902558530486,29,0.948405498839699,0.9297635091513924,0.8976363633447644,0.9570854445243969,0.9148785998226134,0.9295538831365733,0.021667977478950037
160,1,30,6.650910377502441,0.12757402613520735,0.39276881217956544,0.014711333251058075,0.24,0.49,11,"{'min_impurity_decrease': 0.24, 'max_features': 0.49, 'max_depth': 11}",0.6892707690094069,0.9449935356842397,0.9674067807613427,0.6525537178542828,0.6452817657370362,0.7799013138092616,0.14489131818707163,15,0.9480917554838217,0.9287339930980287,0.9032352898596671,0.9575509799781362,0.9175738847361787,0.9310371806311665,0.01976537487049195
161,1,30,6.5730455875396725,0.024933719728571974,0.437562894821167,0.06152529458857592,0.06,0.35,15,"{'min_impurity_decrease': 0.06, 'max_features': 0.35, 'max_depth': 15}",0.6892707690094069,0.9449935356842397,0.9674067807613427,0.6525537178542828,0.6452817657370362,0.7799013138092616,0.14489131818707163,15,0.9480917554838217,0.9287339930980287,0.9032352898596671,0.9575509799781362,0.9175738847361787,0.9310371806311665,0.01976537487049195
162,1,30,6.699654531478882,0.15666447638785494,0.38563737869262693,0.004281296791092495,0.04,0.3,24,"{'min_impurity_decrease': 0.04, 'max_features': 0.3, 'max_depth': 24}",0.658871311983326,0.9550168799393106,0.9421093482980728,0.8423697410601715,0.5121810352158889,0.782109663299354,0.17156761770900725,1,0.9467836047390705,0.9249967869326061,0.9048345451187806,0.9561725150820074,0.9189379112895739,0.9303450726324076,0.018691156332131188
163,1,30,6.70301923751831,0.16700879176861497,0.38583149909973147,0.0053362360685256915,0.23,0.21,11,"{'min_impurity_decrease': 0.23, 'max_features': 0.21, 'max_depth': 11}",0.658871311983326,0.9550168799393106,0.9421093482980728,0.8423697410601715,0.5121810352158889,0.782109663299354,0.17156761770900725,1,0.9467836047390705,0.9249967869326061,0.9048345451187806,0.9561725150820074,0.9189373883049454,0.9303449680354821,0.018691220168409142
164,1,30,6.6185064792633055,0.047746856276446155,0.41596174240112305,0.05278321201443446,0.16,0.61,14,"{'min_impurity_decrease': 0.16, 'max_features': 0.61, 'max_depth': 14}",0.6664190275018661,0.9445422946803529,0.9713207676852381,0.5439229058084644,0.735243958938506,0.7722897909228855,0.16371725699712908,33,0.9479686694587606,0.9305111207830983,0.8977846847472866,0.9566244161265928,0.915035261083727,0.929584830439893,0.021414490325482007
165,1,30,6.634668827056885,0.11310809161829408,0.3920030117034912,0.004741554888501024,0.21,0.32,14,"{'min_impurity_decrease': 0.21, 'max_features': 0.32, 'max_depth': 14}",0.658871311983326,0.9550168799393106,0.9421093482980728,0.8423697410601715,0.5121810352158889,0.782109663299354,0.17156761770900725,1,0.9467836047390705,0.9249967869326061,0.9048345451187806,0.9561725150820074,0.9189379112895739,0.9303450726324076,0.018691156332131188
166,1,30,6.679651832580566,0.12862214848510453,0.38869600296020507,0.0037275146554414038,0.17,0.61,19,"{'min_impurity_decrease': 0.17, 'max_features': 0.61, 'max_depth': 19}",0.6664190275018661,0.9445422946803529,0.9713207676852381,0.5439229058084644,0.735243958938506,0.7722897909228855,0.16371725699712908,33,0.9479686694587606,0.9305111207830983,0.8977846847472866,0.9566244161265928,0.915035261083727,0.929584830439893,0.021414490325482007
167,1,30,6.601974725723267,0.029569442531290176,0.4150988101959229,0.0506883798292181,0.25,0.52,,"{'min_impurity_decrease': 0.25, 'max_features': 0.52, 'max_depth': None}",0.6664190275018661,0.9445422946803529,0.9713207676852381,0.5439229058084644,0.735243958938506,0.7722897909228855,0.16371725699712908,33,0.9479686694587606,0.9305111207830983,0.8977846847472866,0.9566244161265928,0.915035261083727,0.929584830439893,0.021414490325482007
168,1,30,6.633221197128296,0.14526012750952105,0.41543092727661135,0.0547101569257692,0.13,0.45,10,"{'min_impurity_decrease': 0.13, 'max_features': 0.45, 'max_depth': 10}",0.6892408067307809,0.945046639486573,0.9674067807613427,0.6517813928989198,0.6455800737800743,0.7798111387315381,0.1449879134776675,28,0.9480888532412155,0.9287330833068593,0.9032353011428241,0.9575500880298775,0.9175738650055734,0.9310362381452698,0.01976465546519875
169,1,30,6.574090909957886,0.065410906009977,0.3807812690734863,0.0028703467893698167,0.11,0.32,20,"{'min_impurity_decrease': 0.11, 'max_features': 0.32, 'max_depth': 20}",0.658871311983326,0.9550168799393106,0.9421093482980728,0.8423697410601715,0.5121810352158889,0.782109663299354,0.17156761770900725,1,0.9467836047390705,0.9249967869326061,0.9048345451187806,0.9561725150820074,0.9189379112895739,0.9303450726324076,0.018691156332131188
170,2,90,7.093036746978759,0.4642117388679869,0.4198940277099609,0.05570170802038415,0.03,0.49,17,"{'min_impurity_decrease': 0.03, 'max_features': 0.49, 'max_depth': 17}",0.6365172027672947,0.07109457602400127,0.752725185795539,0.47935413517093495,0.3647348952831072,0.4608851990081755,0.23560131192686062,65,0.9626442001330215,0.9555062163858632,0.9398934454852473,0.959952468066602,0.9534553472175825,0.9542903354576632,0.007890409537734901
171,2,90,6.734004640579224,0.15648108809674335,0.41847805976867675,0.049111367383438326,0.24,0.21,7,"{'min_impurity_decrease': 0.24, 'max_features': 0.21, 'max_depth': 7}",0.6422615073806535,0.36496320484286116,0.7896110191142149,0.4388030680306534,0.3428595543550572,0.515699670744688,0.17294715999599125,62,0.9506515918039516,0.9428323352543769,0.9299978619645912,0.9507378870079306,0.9444318298024408,0.9437303011666582,0.007574812143592677
172,2,90,6.652704286575317,0.04192168627820036,0.3973184108734131,0.01479930823896869,0.23,0.26,7,"{'min_impurity_decrease': 0.23, 'max_features': 0.26, 'max_depth': 7}",0.6422615073806535,0.36496320484286116,0.7896110191142149,0.4388030680306534,0.3428595543550572,0.515699670744688,0.17294715999599125,62,0.9506515918039516,0.9428323352543769,0.9299978619645912,0.9507378870079306,0.9444318298024408,0.9437303011666582,0.007574812143592677
173,2,90,9.432635021209716,1.1497297692077666,0.7439330577850342,0.48098050224363853,0.09,0.27,8,"{'min_impurity_decrease': 0.09, 'max_features': 0.27, 'max_depth': 8}",0.634015114466538,0.3677149771239918,0.7805377530311931,0.4344243741790784,0.35145642672101784,0.5136297291043638,0.1670911830980786,64,0.9534578004796137,0.9437991173930144,0.9323577007850669,0.9538228589962223,0.9449036232617473,0.9456682201831329,0.007853964294619376
174,2,90,10.018208980560303,3.036052204159537,0.54902663230896,0.13868013892190528,0.06,0.22,10,"{'min_impurity_decrease': 0.06, 'max_features': 0.22, 'max_depth': 10}",0.6367684639113728,0.36998725414721745,0.7899427171418588,0.439495422444395,0.35529576403566,0.5182979243361008,0.1688796942587343,61,0.9535496271856297,0.9458377077627258,0.9351214281299145,0.9556099294648578,0.9484615504074649,0.9477160485901187,0.00719794965604356
175,2,90,12.162215375900269,4.384702861634418,0.536881971359253,0.15017494912604384,0.21,0.32,14,"{'min_impurity_decrease': 0.21, 'max_features': 0.32, 'max_depth': 14}",0.6419244150401371,0.37726855026817163,0.7900406032877336,0.4393486289915176,0.3511216838006952,0.519940776277651,0.16922427068245618,51,0.9535564140292724,0.9459334365018095,0.9355136300877576,0.9554832317788345,0.948052321169861,0.947707806713507,0.007023225269337704
176,2,90,9.276679944992065,0.7893967341485726,0.45522518157958985,0.06043527617107126,0.23,0.21,11,"{'min_impurity_decrease': 0.23, 'max_features': 0.21, 'max_depth': 11}",0.6406580699695148,0.3744673549044557,0.7902574298138478,0.4396582814611495,0.3507089085654441,0.5191500089428824,0.16963953074667118,60,0.9536194654728797,0.946083844428643,0.9356528734289549,0.955523968080892,0.947907184346913,0.9477574671516565,0.006986074412014946
177,2,90,8.593071365356446,1.0586685687965784,0.57921142578125,0.18291008610915224,0.03,0.31,14,"{'min_impurity_decrease': 0.03, 'max_features': 0.31, 'max_depth': 14}",0.6419244150401371,0.37726855026817163,0.7900406032877336,0.4393486289915176,0.3511216838006952,0.519940776277651,0.16922427068245618,51,0.9535564140292724,0.9459334365018095,0.9355136300877576,0.9554832317788345,0.948052321169861,0.947707806713507,0.007023225269337704
178,2,90,8.501605939865112,1.898368003387716,0.43194942474365233,0.061686426194272746,0.17,0.31,23,"{'min_impurity_decrease': 0.17, 'max_features': 0.31, 'max_depth': 23}",0.641829030506506,0.376669521010781,0.7904707378241826,0.43928536673159047,0.3511569032342239,0.5198823118614568,0.16944800559299197,53,0.9535437743891905,0.9459227187738729,0.9355486648834708,0.9555215257511332,0.948091715625291,0.9477256798845918,0.007018401266771132
179,2,90,9.675832557678223,1.8932244126644784,0.7459238529205322,0.3729523820966233,0.11,0.27,15,"{'min_impurity_decrease': 0.11, 'max_features': 0.27, 'max_depth': 15}",0.641829030506506,0.3766618515321357,0.7904707378241826,0.4391808856582655,0.3511569032342239,0.5198598817510627,0.1694592457804115,59,0.9535437743891905,0.9459256635286514,0.9355486648834708,0.9554846617171692,0.948091715625291,0.9477188960287546,0.007010071726050394
180,2,90,8.119572067260743,1.2433827920996001,0.40481719970703123,0.008414304480107675,0.11,0.21,22,"{'min_impurity_decrease': 0.11, 'max_features': 0.21, 'max_depth': 22}",0.641829030506506,0.376669521010781,0.7904707378241826,0.43928536673159047,0.3511569032342239,0.5198823118614568,0.16944800559299197,53,0.9535437743891905,0.9459227187738729,0.9355486648834708,0.9555215257511332,0.948091715625291,0.9477256798845918,0.007018401266771132
181,2,90,7.359458971023559,0.4967378378970598,0.42964878082275393,0.04873106740481305,0.21,0.31,24,"{'min_impurity_decrease': 0.21, 'max_features': 0.31, 'max_depth': 24}",0.641829030506506,0.376669521010781,0.7904707378241826,0.43928536673159047,0.3511569032342239,0.5198823118614568,0.16944800559299197,53,0.9535437743891905,0.9459227187738729,0.9355486648834708,0.9555215257511332,0.948091715625291,0.9477256798845918,0.007018401266771132
182,2,90,7.074981689453125,0.09137107362822681,0.438233757019043,0.05043380500839124,0.24,0.24,24,"{'min_impurity_decrease': 0.24, 'max_features': 0.24, 'max_depth': 24}",0.641829030506506,0.376669521010781,0.7904707378241826,0.43928536673159047,0.3511569032342239,0.5198823118614568,0.16944800559299197,53,0.9535437743891905,0.9459227187738729,0.9355486648834708,0.9555215257511332,0.948091715625291,0.9477256798845918,0.007018401266771132
183,2,90,7.379515504837036,0.7389165843945366,0.40735692977905275,0.008629416902999638,0.04,0.3,24,"{'min_impurity_decrease': 0.04, 'max_features': 0.3, 'max_depth': 24}",0.641829030506506,0.376669521010781,0.7904707378241826,0.43928536673159047,0.3511569032342239,0.5198823118614568,0.16944800559299197,53,0.9535437743891905,0.9459227187738729,0.9355486648834708,0.9555215257511332,0.948091715625291,0.9477256798845918,0.007018401266771132
184,2,90,7.408136606216431,0.4960659397525389,0.47158265113830566,0.07737118245044404,0.11,0.32,20,"{'min_impurity_decrease': 0.11, 'max_features': 0.32, 'max_depth': 20}",0.641829030506506,0.376669521010781,0.7904707378241826,0.43928536673159047,0.3511569032342239,0.5198823118614568,0.16944800559299197,53,0.9535437743891905,0.9459227187738729,0.9355486648834708,0.9555215257511332,0.948091715625291,0.9477256798845918,0.007018401266771132
185,3,270,7.535602283477783,0.14736802827321333,0.420306921005249,0.009880530499937238,0.24,0.24,24,"{'min_impurity_decrease': 0.24, 'max_features': 0.24, 'max_depth': 24}",0.5339420915885702,0.7000346573535978,0.892198073365481,0.49075085827561693,0.6517226014263955,0.6537296564019324,0.14136938607387609,46,0.9688208195792615,0.9541233025066512,0.9534388123913216,0.9734854404561137,0.9374113891991874,0.9574559528265072,0.012768188410386799
186,3,270,7.937608766555786,0.573172693592167,0.4725001811981201,0.08035332918700362,0.04,0.3,24,"{'min_impurity_decrease': 0.04, 'max_features': 0.3, 'max_depth': 24}",0.5339224614747,0.7000346573535978,0.892198073365481,0.49075085827561693,0.6517226014263955,0.6537257303791583,0.14137271291863313,47,0.9688248302719826,0.9541233025066512,0.9534388123913216,0.9734854404561137,0.9374113891991874,0.9574567549650513,0.012768902468583023
187,3,270,7.639203834533691,0.2792951036953059,0.4188166618347168,0.014459265918025876,0.11,0.32,20,"{'min_impurity_decrease': 0.11, 'max_features': 0.32, 'max_depth': 20}",0.5339224614747,0.7000346573535978,0.892198073365481,0.49075085827561693,0.6517226014263955,0.6537257303791583,0.14137271291863313,47,0.9688248302719826,0.9541233025066512,0.9534388123913216,0.9734854404561137,0.9374113891991874,0.9574567549650513,0.012768902468583023
188,3,270,7.6394562244415285,0.21608594353434746,0.46661930084228515,0.043249126686781596,0.21,0.32,14,"{'min_impurity_decrease': 0.21, 'max_features': 0.32, 'max_depth': 14}",0.534147776547009,0.6998099035057643,0.8923563759337727,0.4920820500632531,0.6511499474780443,0.6539092107055686,0.14106903896442477,45,0.968885988287266,0.9540559333765992,0.953136027700128,0.9734808316415378,0.9372572550010427,0.9573632072013147,0.012849970600101434
189,3,270,7.5256438732147215,0.1473118091369872,0.4523952007293701,0.05074768890979219,0.03,0.31,14,"{'min_impurity_decrease': 0.03, 'max_features': 0.31, 'max_depth': 14}",0.5341269363667795,0.6998404667176437,0.8923563759337727,0.4920820500632531,0.6511499474780443,0.6539111553118986,0.14107456720911196,44,0.9688899897185497,0.9540584367727831,0.953136027700128,0.9734808316415378,0.9372572550010427,0.9573645081668083,0.012850559461232222
190,4,810,9.225977087020874,0.41841767279511616,0.48888888359069826,0.005918078526816851,0.21,0.32,14,"{'min_impurity_decrease': 0.21, 'max_features': 0.32, 'max_depth': 14}",0.5218011454428328,0.5098765270579049,0.7760226728217003,0.712335118912913,0.6610952304619072,0.6362261389394517,0.10489177564572208,49,0.9613718162349796,0.9615010958797608,0.9619596427503214,0.9659505752835719,0.9628194565669633,0.9627205173431193,0.0016928069470000084
191,4,810,9.449342012405396,0.5911072053754114,0.5106891632080078,0.05379207791326227,0.03,0.31,14,"{'min_impurity_decrease': 0.03, 'max_features': 0.31, 'max_depth': 14}",0.5213645057081449,0.5099759898099514,0.7760400853057684,0.7123751896827255,0.6611906730022491,0.6361892887017678,0.10497822025799616,50,0.9613418116562229,0.9614766070974132,0.9619547702162933,0.9659271651164965,0.9628038439487014,0.9627008396070253,0.0016924602170750689
